LEVEL,TITLE
11.1,AFRO KNUCKLE(A)
11.1,CHECKING YOU OUT(A)
11.1,CODE:Ø(A)
11.1,Digitank System(A)
11.1,Halfway of promise(A)
11.1,Hydrogen Blueback(L)
11.1,IDC feat.REVERBEE (Mo'Cuts Ver)(A)
11.1,naughty girl@Queen's Palace(A)
11.1,SAMURAI-Scramble(A)
11.1,SWEETEST SAVAGE(A)
11.1,Uh-Oh(A)
11.1,With You(A)
11.1,Wonder Bullfighter(A)
11.1,とろぴかる倶楽部(A)
11.1,ミッドナイト☆WAR(A)
11.1,ラクエン(A)
11.1,灼熱 Pt.2 Long Train Running(H)
11.2,100% minimoo-G(A)
11.2,27th style(A)
11.2,AGEHA(L)
11.2,Amor De Verao(A)
11.2,AMRITA -不滅ノ花-(A)
11.2,apo:llioth(A)
11.2,ATHER(A)
11.2,Beat Juggling Mix(A)
11.2,Breakin' Rules(A)
11.2,Broadbanded(A)
11.2,CALDERA(A)
11.2,DAWN-THE NEXT ENDEAVOUR-(A)
11.2,Debtty Daddy(A)
11.2,DO-IT-AMA-SITE!!!(A)
11.2,Engraved Mark(A)
11.2,Erosion Mark(A)
11.2,Evans(H)
11.2,Farewell to Marrakech(A)
11.2,GALGALIM(A)
11.2,GOLD RUSH(A)
11.2,IN BETWEEN(A)
11.2,Insane Techniques(A)
11.2,KEY(A)
11.2,KHAMEN BREAK(A)
11.2,KING(A)
11.2,Love Is Eternity(A)
11.2,Lovely Howdy Cowboy!!(A)
11.2,MIRACLE MEETS(A)
11.2,MVP(A)
11.2,naughty girl@Queen's Palace(L)
11.2,NEW SENSATION-もう、あなたしか見えない-(A)
11.2,No Limit 2 dAnce feat. 大山愛未(A)
11.2,Para siempre(A)
11.2,PARADISE LOST(H)
11.2,Poppin' Soda(A)
11.2,RAVE SYNDROME(A)
11.2,reunion(H)
11.2,Rock Da House(A)
11.2,Second Heaven(A)
11.2,See You Again(A)
11.2,Sense 2007(H)
11.2,Shiva(A)
11.2,Stargazing Trip ～星 探す旅～ ft. 小林マナ(A)
11.2,Take It Easy(A)
11.2,Tell me what you wish feat.らっぷびと(A)
11.2,VALKYRIAS -英雄誕生-(A)
11.2,Victory Of Ravers(A)
11.2,VOLCANIC BIGBEAT(A)
11.2,Volcanic Dragon(A)
11.2,Welcome(A)
11.2,Wonderland(A)
11.2,ガヴリールドロップキック(A)
11.2,カジノファイヤーことみちゃん(A)
11.2,チェイスチェイスジョーカーズのうた(オニスタイルリミックス)(A)
11.2,ハードベース・フェスタ(A)
11.2,"ピアノ協奏曲第１番""蠍火""(H)"
11.2,フォニイ(A)
11.2,マインド・ゲーム(A)
11.2,マツケンサンバII(A)
11.2,ミュージック・アワー(A)
11.2,花冠 feat.Aikapin(A)
11.2,御千手メディテーション(A)
11.2,寝起きヤシの木(A)
11.2,泰東ノ翠霞(A)
11.2,勇者(A)
11.2,鴉(A)
11.3,(This Is Not) The Angels(A)
11.3,#The_Relentless(A)
11.3,Around the Future(A)
11.3,Be quiet(A)
11.3,Beastie Starter(A)
11.3,Believe In Me(A)
11.3,Blaze it UP!(A)
11.3,"Blind Justice～Torn souls,Hurt Faiths～(A)"
11.3,BREAK OVER(A)
11.3,BROKEN EDEN(A)
11.3,Buffalo(L)
11.3,Change Yourself(A)
11.3,CODE:2(A)
11.3,COLOSSEUM(A)
11.3,Cookie Bouquets(A)
11.3,Cosmic Cat(A)
11.3,crew(A)
11.3,D.C.fish(A)
11.3,DEEP ROAR(A)
11.3,Derelict Star feat. Ryu*(A)
11.3,Destiny Sword(A)
11.3,DISPARATE(A)
11.3,Emera(A)
11.3,Exhaust Hype(A)
11.3,EXTREME MACH COLLIDER(A)
11.3,Fascination MAXX(H)
11.3,Get Higher(A)
11.3,Globe Glitter(A)
11.3,Hat Surprise (Season 3)(A)
11.3,Hat Surprise(A)
11.3,HELL SCAPER-Last Escape Remix-(A)
11.3,in the Sky(A)
11.3,Into The Madness(A)
11.3,INVISIBLE STRIX(A)
11.3,IX(H)
11.3,Just a Little Smile(A)
11.3,LIKE A VAMPIRE(A)
11.3,Linus(A)
11.3,Little Little Princess(A)
11.3,Logic Board(A)
11.3,m1dy Festival(A)
11.3,MA・TSU・RI(A)
11.3,MANA(A)
11.3,Marie Antoinette(A)
11.3,MENTAL MELTDOWN(A)
11.3,murmur twins(A)
11.3,New Castle Legions(AC Resort Anthem)(A)
11.3,No Tears(A)
11.3,Nothing but Theory(A)
11.3,out of disk space(A)
11.3,OVER VOLTAGE(A)
11.3,Overload Frontier(A)
11.3,Pharaoh(A)
11.3,PopなEDEN(A)
11.3,Psychedelic Intelligence(A)
11.3,Quick Silver(A)
11.3,R5(A)
11.3,Raison d'etre～交差する宿命～(A)
11.3,Raspberry Potion(feat.あれたん? & ぎゃるのしん☆)(A)
11.3,Red Soul(A)
11.3,RED ZONE(A)
11.3,Romanticが止まらない(A)
11.3,ROTTERDAM SHOGUN(A)
11.3,rough percussionythm(A)
11.3,Ruler or Loser(A)
11.3,Sakura Reflection(A)
11.3,SEITEN NO TERIYAKI(A)
11.3,Seraph(A)
11.3,SHELTER OF THE MIND(A)
11.3,Shoot'Em All(A)
11.3,Somnidiscotheque(H)
11.3,Space In Time(A)
11.3,STARLiGHT(A)
11.3,Temple of Anubis(A)
11.3,Time to Air(A)
11.3,Valgus(A)
11.3,VANESSA(H)
11.3,Ventriloquist(A)
11.3,VOX UP(H)
11.3,あるビー！ feat.ころねぽち(A)
11.3,うさ☆かめ 大戦争！(A)
11.3,えだまめカレークッキング(A)
11.3,オドループ(L)
11.3,か・し・ま・し☆PUMP UP！(A)
11.3,セロトニン(A)
11.3,たからもの(L)
11.3,タンポポ(A)
11.3,ちょえちょえまぎか(A)
11.3,ディッシュウォッシャー◎彡おいわちゃん(A)
11.3,パーフェクトイーター(A)
11.3,ハイテックトキオ(A)
11.3,ハオ(A)
11.3,パラドキシカル・タイムリープトライアル(Short Ver.)(A)
11.3,ぷろぐれっしぶ時空少女!うらしまたろ子ちゃん!(A)
11.3,マーシャル・マキシマイザー(A)
11.3,めうめうぺったんたん！！(ZAQUVA Remix)(A)
11.3,メズマライザー(A)
11.3,狂水一華(A)
11.3,死神自爆中二妹アイドルももかりん(1歳)(A)
11.3,少年リップルズ(A)
11.3,牧神笛吹きて(A)
11.3,輪廻の鴉(A)
11.3,涙のテ・エストラーニョ・ムーチョ(A)
11.3,恋は白帯、サンシロー(L)
11.3,曼荼羅恋々(A)
11.4,405nm(Ryu☆mix)(A)
11.4,A Tale Hidden In The Abyss(A)
11.4,Ah Hah Yeah(A)
11.4,Angelic Jelly(A)
11.4,"Anisakis-somatic mutation type ""Forza""-(A)"
11.4,Arabian Rave Night(A)
11.4,Bang-Boo Bumble(A)
11.4,Battleground(A)
11.4,Be a Hero!(A)
11.4,Beyond Evolution(H)
11.4,Blame(A)
11.4,Bounce Bounce Bounce(A)
11.4,"Breaking Dawn feat. NO+CHIN, AYANO(A)"
11.4,Caldwell 99(A)
11.4,CaptivAte～浄化～(A)
11.4,chaos eater-IIDX edition-(A)
11.4,Chemical Colours(A)
11.4,Cleopatrysm(A)
11.4,Click Again(A)
11.4,Cold Moon(A)
11.4,CONTRACT(A)
11.4,Crazy Jackpot(A)
11.4,Cyber True Color(A)
11.4,Daily Lunch Special(A)
11.4,DAZZLE ATTACK(A)
11.4,Dynasty(A)
11.4,Egret and Willow(A)
11.4,Elisha(A)
11.4,Empire State Glory(A)
11.4,FINALLY BLAZE(A)
11.4,Game Changers(A)
11.4,GIGA RAID(A)
11.4,HAPPY☆LUCKY☆YEAPPY(A)
11.4,Honey Trap(A)
11.4,HYPERION(A)
11.4,LASER CRUSTER(H)
11.4,Lucy(A)
11.4,Nasty Techniques(A)
11.4,Onyx(A)
11.4,PAPAYAPA BASS(A)
11.4,PARANOiA ～HADES～(H)
11.4,PENDUAL TALISMAN(A)
11.4,Plea Per Phase(A)
11.4,Rave lithosphere(A)
11.4,Red Determination(A)
11.4,refractive index(A)
11.4,RESONATE 1794(A)
11.4,Rise Circuit(A)
11.4,RISLIM-Remix-(A)
11.4,Sakura Mirage(A)
11.4,Secret of Love(A)
11.4,Shadow World(A)
11.4,smooooch・∀・(L)
11.4,SOLID WYVERN(A)
11.4,SPACE FIGHT(A)
11.4,Sparkle Smilin'(A)
11.4,spiral galaxy(A)
11.4,STARLIGHT JUNCTION(L)
11.4,THE DETONATOR(A)
11.4,TYPE MARS(G-Style Mix)(A)
11.4,winkle 2 winkle(A)
11.4,Xyndrome(A)
11.4,オールトの雲(A)
11.4,きみのせかい(A)
11.4,グッバイ宣言(A)
11.4,ここからよろしく大作戦143(L)
11.4,バ→ビ→ブ→Bomb!(A)
11.4,バンブーソード・ガール(A)
11.4,ミッドナイト堕天使(A)
11.4,もっと!モット!ときめき feat.松下(A)
11.4,ラビットホール(A)
11.4,開きたまえ！Next stAge！(A)
11.4,覚悟せよ！エンタンメ～ン ～より身の切り売り自暴自棄版～(A)
11.4,響花水月(A)
11.4,合体せよ!ストロングイェーガー!!(Ryu☆ remix)(A)
11.4,雫(A)
11.4,全力 SPECIAL VACATION!!～限りある休日～(A)
11.4,打打打打打打打打打打(A)
11.4,爆ぜりゃんせ(A)
11.4,眠りの国のステラ(A)
11.4,夢縁(A)
11.4,無双(A)
11.4,麗 ～うらら～(A)
11.4,惑星☆ロリポップ(A)
11.4,儚き恋の華(A)
11.4,朧(L)
11.5,《ORDERBREAKER》(A)
11.5,2 tribe 4 K(A)
11.5,AIR RAID FROM THA UNDAGROUND(A)
11.5,Amazing Mirage(A)
11.5,Ambush Ace(A)
11.5,Amethyst(A)
11.5,Amnolys(A)
11.5,Astrogazer(A)
11.5,Aurora(A)
11.5,Back Spin Sweeper(A)
11.5,Banger Banger Banger Banger(A)
11.5,Be A Star(A)
11.5,Beast mode(A)
11.5,Beyond The Seven(A)
11.5,Blue Rain(A)
11.5,BRAINSTORM(A)
11.5,BRAVE OUT(L)
11.5,Burning Flame(A)
11.5,Butterfly Twist(A)
11.5,CHAOTIC SUNBIRD(A)
11.5,ChaserXX(A)
11.5,Chronos(A)
11.5,CODE -CRiMSON-(A)
11.5,Deceive Your Insight(A)
11.5,EDEN(L)
11.5,Element of SPADA(L)
11.5,ELYSIUM(A)
11.5,Explorer feat. ぷにぷに電機(L)
11.5,FUTURE is Dead(A)
11.5,GIGA THRASH(A)
11.5,Hello Happiness(A)
11.5,i-ii(A)
11.5,I'm so Happy(A)
11.5,Ignited Night(A)
11.5,INORI(A)
11.5,Inside Insight(A)
11.5,Just Gimme(A)
11.5,KAMAITACHI(A)
11.5,Lawes's Parotia(A)
11.5,Legendary Treasures(A)
11.5,Lighting Shower(A)
11.5,Like+it!(A)
11.5,LIMIT TOPPA REVOLUTION(A)
11.5,Line 4 Ruin(A)
11.5,Lost wing at.0(A)
11.5,m1dy Dynamic(A)
11.5,MAGIC & LOVE(A)
11.5,Mare Nectaris(H)
11.5,Metagame Matador(A)
11.5,Move UR Body(A)
11.5,Neo Heritage(A)
11.5,Outbreak(A)
11.5,Override(A)
11.5,PILGRIM(A)
11.5,Playing With Fire(A)
11.5,Programmed Genom(A)
11.5,QUANTUM TELEPORTATION(A)
11.5,R∞tAge(A)
11.5,rainbow flyer(A)
11.5,rainbow rainbow(A)
11.5,Realize Maze(A)
11.5,Ride To The Core(A)
11.5,RISING FIRE HAWK(A)
11.5,Rising in the Sun(original mix)(A)
11.5,Rosa azuL(A)
11.5,Routing(A)
11.5,S!ck (Nhato Remix)(A)
11.5,"satellite020712 from ""CODED ARMS""(A)"
11.5,Scripted Connection⇒ H mix(A)
11.5,Secrets(A)
11.5,SEQUENCE CAT(A)
11.5,Six String Proof(A)
11.5,smile(A)
11.5,Smug Face-どうだ、オレの生き様は-(ONLY ONE EDITION)(A)
11.5,SOUND OF GIALLARHORN(A)
11.5,Squeeze(A)
11.5,STARLIGHT DANCEHALL(A)
11.5,STELLAR WIND(A)
11.5,STOIC HYPOTHESIS(A)
11.5,Submerge Serenade(A)
11.5,Sun Field(A)
11.5,Swing My Wonderland(A)
11.5,Synergy For Angels(A)
11.5,Take My Life(A)
11.5,the shadow(A)
11.5,THE TIME MACHINE(A)
11.5,ToyCube Pf.(RX-Ver.S.P.L.)(L)
11.5,TRIP THE DEEP(A)
11.5,Tropical April(A)
11.5,Wonder Girl feat. Kanae Asaba(A)
11.5,xenon(A)
11.5,yamabiko(SINOBUZ Edition)(A)
11.5,ZENDEGI DANCE(A)
11.5,ZEPHYRANTHES(A)
11.5,アイドル(L)
11.5,イグジスター(A)
11.5,おーまい！らぶりー！すうぃーてぃ！だーりん！(A)
11.5,シャムシールの舞(A)
11.5,ドッキン☆サマーあばんちゅーる(A)
11.5,バッドエンド・シンドローム(A)
11.5,ファイナルレター(A)
11.5,ランカーキラーガール(A)
11.5,仮想空間の旅人たち(A)
11.5,果たせぬ約束 ft. 小林マナ(A)
11.5,華蝶風雪(A)
11.5,君のハートにロックオン(A)
11.5,嘆きの樹(H)
11.5,断罪の一花(A)
11.5,超青少年ノ為ノ超多幸ナ超古典的超舞曲(A)
11.5,天空脳番長危機十六連打(A)
11.5,冬椿 ft. Kanae Asaba(L)
11.5,忍恋花(A)
11.5,命の標本(A)
11.5,炸裂！イェーガー電光チョップ!!(JAEGER FINAL ATTACK)(A)
11.6,《GRANDMASTER》(A)
11.6,1st Samurai(A)
11.6,Abraxas(A)
11.6,ABSOLUTE (kors k Remix)(A)
11.6,Aegis(A)
11.6,ALL MY TURN-このターンに、オレの全てを賭ける-(A)
11.6,ANDROMEDA(A)
11.6,AsiaN distractive(A)
11.6,BabeL ～Grand Story～(A)
11.6,BLUST OF WIND(L)
11.6,Bow shock!!(A)
11.6,BroGamer(A)
11.6,C-C-C-N-N-N(A)
11.6,CaptivAte2～覚醒～(A)
11.6,CHRONO DIVER -NORNIR-(A)
11.6,City Never Sleeps(IIDX EDITION)(A)
11.6,Danza Aestas(A)
11.6,Devilz Sacrifice-贖罪の羊-(A)
11.6,Elektrick U-Phoria(A)
11.6,Ember Lights(A)
11.6,Energy Drive(A)
11.6,everlastingeuphoria:(A)
11.6,EXODUS SIGN(A)
11.6,Fervidex(A)
11.6,Fiery Stallion(A)
11.6,Flash Back 90's(L)
11.6,Fractal(A)
11.6,GIGA VIOLATE(A)
11.6,GloriosA(A)
11.6,Harmony and Lovely(A)
11.6,HEISEI(A)
11.6,I FIGHT ME(L)
11.6,I Love You(A)
11.6,In the Blackest Den(A)
11.6,INAZUMA(A)
11.6,INHERITANCE(A)
11.6,Inner Spirit(A)
11.6,kors k's How to make OTOGE CORE(A)
11.6,LADYBIRD(A)
11.6,Lost Souls(A)
11.6,MENDES(H)
11.6,neogenesis(L)
11.6,Overslept(A)
11.6,Perfect Plan(A)
11.6,Programmed Sun(A)
11.6,Programmed World(A)
11.6,prompt(A)
11.6,Psycho Sheep Riddim(L)
11.6,quasar(A)
11.6,Rejection Girl(A)
11.6,Ritual of Anubis(A)
11.6,Rock It(A)
11.6,S!ck(A)
11.6,Saturn(A)
11.6,Scarlet Moon(A)
11.6,Scharfrichter(A)
11.6,Scripted Connection⇒ N mix (L)
11.6,State Of The Art(A)
11.6,Stella Sinistra(A)
11.6,Stleq(A)
11.6,Stylus(A)
11.6,SUPER HEROINE!!(A)
11.6,Swarm Of Scarabs(A)
11.6,switch(DAISUKE ASAKURA ex.TЁЯRA)(A)
11.6,T.R.O.L.L.(A)
11.6,THE DEEP STRIKER(A)
11.6,THE FALLEN(A)
11.6,THE SHINING POLARIS(kors k mix)(A)
11.6,Theory(A)
11.6,This Is Club Musik feat. 大久保紅葉(A)
11.6,Time Distortion pt.2(IIDX Edit)(A)
11.6,UNITE THE HEART(A)
11.6,VIVID DEBUT!(A)
11.6,Vulkan(A)
11.6,waxing and wanding(A)
11.6,X-ray binary(A)
11.6,Xepher(A)
11.6,Ypsilon(A)
11.6,Yum Yum Jelly(A)
11.6,ZED(A)
11.6,ZEИITH(A)
11.6,カラルの月(A)
11.6,シル・ヴ・プレジデント(L)
11.6,ベィスドロップ・フリークス(L)
11.6,怪物(L)
11.6,太陽SUNSUNボンジュールアバンチュール(A)
11.6,無意識のフィロソフィア(A)
11.6,明鏡止水(A)
11.6,夕焼け～Fading Day～(A)
11.6,龍王の霊廟(Mausoleum Of The Primal Dragon)(A)
11.6,惑星鉄道(H)
11.6,凛として咲く花の如く(L)
11.6,Χ-DEN(H)
11.7,≡＋≡(A)
11.7,10000 MILES AWAY(A)
11.7,24th Century BOY(A)
11.7,3V0(A)
11.7,50th Memorial Songs -The BEMANI History-(A)
11.7,ABSOLUTE(L)
11.7,Abyss-The Heavens Remix-(L)
11.7,ADAMANT(A)
11.7,Advent Infamous(A)
11.7,Around The Galaxy(A)
11.7,Aublia(A)
11.7,Beyond The Earth(A)
11.7,bloomin' feeling(A)
11.7,Brahma(A)
11.7,Castle on the Moon(A)
11.7,Chronos(L)
11.7,Clione(L)
11.7,CONCEPTUAL(A)
11.7,DESIRE(A)
11.7,diagram(A)
11.7,DIAMOND JACKAL(A)
11.7,DISAPPEAR feat. koyomin(A)
11.7,Discloze(A)
11.7,Divine Heaven(A)
11.7,Do it!! Do it!!(A)
11.7,DREAM OF SPACE UFO ABDUCTION(A)
11.7,Drop It(A)
11.7,DROP(A)
11.7,FAKE TIME(H)
11.7,FREEDOM(A)
11.7,G2(A)
11.7,Garuda(A)
11.7,Get On Your Feet(A)
11.7,GET READY!!(A)
11.7,Giudecca(A)
11.7,GuNGNiR(H)
11.7,HAPPY★RUSH(A)
11.7,HIGH(L)
11.7,Holic(A)
11.7,HYENA(A)
11.7,ILAYZA(A)
11.7,Journey(L)
11.7,Jungle Eater(A)
11.7,Kung-fu Empire(A)
11.7,LA FESTA LA VITA!!(A)
11.7,LAST DAY(A)
11.7,Light and Cyber…(A)
11.7,lowercase lifetime(A)
11.7,MINT(A)
11.7,Mira(A)
11.7,Monkey Business(A)
11.7,Moving on(A)
11.7,n'pa pa BBQ(A)
11.7,NEMESIS(A)
11.7,Never Fade Away(A)
11.7,New Decade IIDX Edition(A)
11.7,"Next Tales 2 Oath(IIDX 20th Anniv ""Ring"" Theme)(A)"
11.7,Night sky(A)
11.7,Night! Night! Night!(A)
11.7,No.13(A)
11.7,Nocturnal 2097(A)
11.7,On the FM(A)
11.7,PHASE SHIFT MANEUVER(A)
11.7,Pollinosis(A)
11.7,POLꓘAMAИIA(A)
11.7,Pout(A)
11.7,Punch Love ? 仮面(L)
11.7,Queen Kaguya(A)
11.7,rainbow guitar weeps(A)
11.7,REVOLVER(A)
11.7,Rubrum Piano(A)
11.7,Sarutobi Champion is 拙者(A)
11.7,Scandal(A)
11.7,Scars of FAUNA(A)
11.7,SCHWARZSCHILD FIELD(A)
11.7,Session 1-Genesis-(A)
11.7,SHADE(A)
11.7,Show Me All Your Love(A)
11.7,Sinus Iridum(H)
11.7,squall(A)
11.7,STRAIGHT TO THE STARS(A)
11.7,TECHNO RUMBLE(A)
11.7,THE LAST STRIKER(A)
11.7,The setting sun(burst)(A)
11.7,the trigger of innocence(L)
11.7,TITANS RETURN(A)
11.7,tripping contact(teranoid&MC Natsack Remix)(A)
11.7,Ubertreffen(A)
11.7,Unicorn tail(A)
11.7,Urban Constellations(A)
11.7,Usual Days-remix(A)
11.7,VALLIS-NERIA(A)
11.7,VEGA(A)
11.7,Votum stellarum-Hommarju Remix-(A)
11.7,XINOBIKILL(A)
11.7,Yellow Sketch(RX-Ver.S.P.L.)(A)
11.7,ウツシミウツシ(A)
11.7,パ→ピ→プ→Yeah!(A)
11.7,マチ子の唄(L)
11.7,ユミル(A)
11.7,鬼天(A)
11.7,月とミルク(A)
11.7,創世ノート(A)
11.7,朝焼けから始まるボクらの小さな旅(A)
11.7,追想快晴テーマパーク(A)
11.7,爆ゼニ☆がってんワーカー(A)
11.7,錬成人間トリコロイダー(A)
11.8,& Intelligence(A)
11.8,20XX(A)
11.8,532nm(A)
11.8,Afterimage d'automne(A)
11.8,ALBA-黎明-(A)
11.8,All is Wrecked(A)
11.8,Almagest(H)
11.8,ANTHEM LANDING(A)
11.8,B4U(BEMANI FOR YOU MIX)(A)
11.8,Bahram Attack-猫叉Master Remix-(L)
11.8,Battle Train-IIDX Edition-(A)
11.8,Be OK(L)
11.8,Chrono Diver -PENDULUMs-(H)
11.8,Constellation(A)
11.8,Critical Crystal(A)
11.8,D(A)
11.8,Echoes of Sunfall(A)
11.8,EMERALDAS(H)
11.8,FIRE BALL(A)
11.8,FLOWER(A)
11.8,four pieces of heaven(A)
11.8,Funny shuffle(A)
11.8,Ganymede(A)
11.8,GENOCIDE(A)
11.8,GHOST(A)
11.8,GIGANT(L)
11.8,GLORIOUS HAMMER(A)
11.8,GOBBLE(A)
11.8,Golden Palms(L)
11.8,Heavenly Sun(IIDX VERSION)(L)
11.8,HYPE THE CORE(A)
11.8,I will be back-オレは帰ってきた-(A)
11.8,IDOL syndrome.(L)
11.8,Illegal Function Call(A)
11.8,Kailua(A)
11.8,KYAMISAMA ONEGAI!(L)
11.8,Let The Track Flow(A)
11.8,m1dy Deluxe(A)
11.8,MAXIVCORD(A)
11.8,Modular Technology(A)
11.8,Necroxis Girl(A)
11.8,NEMESIS-gratitude remix- IIDX Edition(A)
11.8,nostos(A)
11.8,of the first magnitude(A)
11.8,OTOKOZAKA(A)
11.8,ROZA DE ANDALUCIA(A)
11.8,rumrum triplets(A)
11.8,SABER WING(A)
11.8,Snow Goose(A)
11.8,Souhait bleu(A)
11.8,Speculation(A)
11.8,Spica(A)
11.8,Star Trail(L)
11.8,STEEL NEEDLE(A)
11.8,stoic(A)
11.8,THE CANNONBALLER(A)
11.8,The Dirty of Loudness(A)
11.8,TRANOID(A)
11.8,UNDERWORLD HOLOGRAPHY(A)
11.8,Violet Rose(A)
11.8,WISE UP!(L)
11.8,Ｘ↑Ｘ↓(A)
11.8,XENON II ～TOMOYUKIの野望～(A)
11.8,Zenith(A)
11.8,ZERO-ONE(L)
11.8,ZETA～素数の世界と超越者～(A)
11.8,デッドボヲルdeホームラン(A)
11.8,禍根(A)
11.8,時空トラベローグ(A)
11.8,蛇神(A)
11.8,卑弥呼(H)
11.8,乱膳の舞姫(A)
11.8,龍と少女とデコヒーレンス(A)
11.8,量子の海のリントヴルム(A)
11.9,Acid Pumper(A)
11.9,BLOCKS(A)
11.9,CALL(L)
11.9,COSMIC CYBER(A)
11.9,Dawn Saga(A)
11.9,Eine Haube ～聖地の果てにあるもの～(A)
11.9,Ergosphere(A)
11.9,examination leave(A)
11.9,Macuilxochitl(A)
11.9,Mukade(A)
11.9,perditus†paradisus(H)
11.9,POODLE(L)
11.9,"ROCK女 feat. 大山愛未, Ken(A)"
11.9,RUGGED ASH(L)
11.9,Tail Lights(A)
11.9,THE BLACK KNIGHT(A)
11.9,UMMU(A)
11.9,V2(A)
11.9,Wanna Party?(L)
11.9,Wolf 1061(A)
11.9,YELLOW FROG from Steel Chronicle(L)
11.9,"You'll say ""Now!""(A)"
11.9,青の洞窟(A)
11.9,旅人リラン(A)
12.1,199024club -Re:BounceKiller-(A)
12.1,GAME ON(A)
12.1,gigadelic(H)
12.1,Lords Of The Roundtable(A)
12.1,MAD ATTACK(L)
12.1,Red. by Full Metal Jacket(A)
12.1,SCREAM SQUAD(A)
12.1,TROOPERS(A)
12.1,Watch Out Pt.2(A)
12.1,灼熱 Lost Summer Dayz(A)
12.1,雪上断火(A)
12.1,焱影(A)
12.2,27th style(L)
12.2,A(A)
12.2,AO-1(A)
12.2,BLACK.by X-Cross Fade(A)
12.2,Caterpillar(A)
12.2,Concertino in Blue(A)
12.2,Double Dribble(A)
12.2,DUE TOMORROW(A)
12.2,Evans(A)
12.2,gigadelic(A)
12.2,Innocent Walls(A)
12.2,Innocent Walls(H)
12.2,invoker(A)
12.2,Level 2(A)
12.2,mosaic(A)
12.2,NINJA IS DEAD IIDX ver.(A)
12.2,one or eight(A)
12.2,Peaktime Booster(A)
12.2,PLEASE DON'T GO(A)
12.2,Primitive Vibes(A)
12.2,RED ZONE(L)
12.2,Ristaccia(A)
12.2,sakura storm(A)
12.2,Snake Stick(A)
12.2,SOLID STATE SQUAD(A)
12.2,SPECIAL SUMMER CAMPAIGN!(A)
12.2,The Chase(A)
12.2,The Onlyonez(A)
12.2,tripping contact(A)
12.2,V(A)
12.2,Venom(A)
12.2,紅牡丹(A)
12.2,残像ニ繋ガレタ追憶ノHIDEAWAY(A)
12.2,"灼熱Beach Side Bunny (かめりあ's""Summertime D'n'B"" Remix)(A)"
12.2,雪月花(A)
12.3,《PL|RAYER》(A)
12.3,#MAGiCVLGiRL_TRVP_B3VTZ(A)
12.3,ACTØ(A)
12.3,ÆTHER(L)
12.3,ALBIDA(A)
12.3,ALL OK!!(A)
12.3,Ancient Scapes(A)
12.3,Arca(A)
12.3,B.O.D.Y.(A)
12.3,Be quiet(L)
12.3,BIGソムタム(A)
12.3,Carry Me Away(A)
12.3,Cosy Catastrophe(A)
12.3,CUE CUE RESCUE(L)
12.3,encounter(A)
12.3,eRAseRmOToRpHAntOM(A)
12.3,Fascination MAXX(A)
12.3,Feel The Beat(A)
12.3,Fegrix(A)
12.3,FIRE FIRE(A)
12.3,garden(L)
12.3,glacia(A)
12.3,Gravigazer(A)
12.3,HADES(A)
12.3,Hat Surprise (Season 2)(A)
12.3,Highcharge Divolt(A)
12.3,ICARUS(A)
12.3,Inferno of Fomalhaut(A)
12.3,JUSTICE/GUILTY feat. Nana Takahashi & 709sec.(A)
12.3,LASER CRUSTER(A)
12.3,Little Star(A)
12.3,M4K3 1T B0UNC3(A)
12.3,Marie Antoinette(L)
12.3,Miracle 5ympho X(L)
12.3,moon_child(A)
12.3,ONE AND ONLY(A)
12.3,Pārvatī(A)
12.3,Persephone(A)
12.3,Please Welcome Mr.C(A)
12.3,Rampage(A)
12.3,Rave Cannon(A)
12.3,REFLEXES MANIPULATION(A)
12.3,SAY BAY(A)
12.3,Scripted Connection⇒ H mix(L)
12.3,Sense 2007(A)
12.3,Smalt #28598F(A)
12.3,snow storm(L)
12.3,Sol Cosine Job 2(A)
12.3,Steel Edge(A)
12.3,Summerlights(IIDX Edition)(A)
12.3,Symmetry(A)
12.3,VANESSA(A)
12.3,Xperanza(A)
12.3,〆(A)
12.3,スーパー戦湯ババンバーン(A)
12.3,スパークリング☆彡ハイパーチューン！！(A)
12.3,ハイテックトキオ(L)
12.3,九尾狐夜行(A)
12.3,光風霽月(A)
12.3,桜(A)
12.3,少年A(A)
12.3,情熱タンデムRUNAWAY(A)
12.3,真 地獄超特急 -HELL or HELL-(A)
12.3,千年ノ理(A)
12.3,電光(A)
12.4,AKASHIC BREAK(A)
12.4,Always We Trust In You(A)
12.4,Amazing Mirage(L)
12.4,Antigravity(A)
12.4,Apocalypse(A)
12.4,ASIAN VIRTUAL REALITIES (MELTING TOGETHER IN DAZZLING DARKNESS)(A)
12.4,Beat Juggling Mix(L)
12.4,Beat Radiance(L)
12.4,BLAZING_LAZER(A)
12.4,Caldwell 99(L)
12.4,Candy Galy(A)
12.4,Catch Our Fire!(A)
12.4,CODE:Ø(L)
12.4,Cult Invitation(A)
12.4,Dahlia(A)
12.4,DEADHEAT(A)
12.4,dica dica(A)
12.4,DIVINE JUDGEMENT(A)
12.4,Don't believe the hype(A)
12.4,Drop Syndicate(A)
12.4,Dynamite(A)
12.4,ELECTRIC MASSIVE DIVER(A)
12.4,EVANESCENT(A)
12.4,FANTASTIC THREE(A)
12.4,Fire Beat(A)
12.4,frequent(A)
12.4,Friction[!]Function(A)
12.4,GHEL NAGARAJA(A)
12.4,GRID KNIGHT(L)
12.4,Immortal(A)
12.4,Invitation from Mr.C(A)
12.4,KING(L)
12.4,Level 3(A)
12.4,Level 4(A)
12.4,Level 5(A)
12.4,LIGHTNING STRIKES(A)
12.4,Like+it!(L)
12.4,LIVE DRIVING!! feat. 花たん(A)
12.4,MAX 300(A)
12.4,MAXIMUM CHEAT GIRL(A)
12.4,Nothing but Theory(L)
12.4,One for All(A)
12.4,ONIGOROSHI(A)
12.4,oratio(A)
12.4,POSSESSION(A)
12.4,Push on Beats!～音ゲの国のeX-ストリーマー～(A)
12.4,rage against usual(A)
12.4,Raspberry Railgun(A)
12.4,Red. by Jack Trance(A)
12.4,SCREW // owo // SCREW(A)
12.4,Scripted Connection⇒ A mix(A)
12.4,Seven Times Four(A)
12.4,Sirius(A)
12.4,SISYPHUS(A)
12.4,Skreaming for Salvation(A)
12.4,Stereo Beasts(A)
12.4,Super Freak(A)
12.4,Super Rush(A)
12.4,Sweet Clapper(L)
12.4,Sword of Vengeance(A)
12.4,THE DEEP STRIKER(L)
12.4,The Least 100sec(A)
12.4,The Sampling Paradise(A)
12.4,Thunderbolt(A)
12.4,We're so Happy(P*Light Remix) IIDX ver.(A)
12.4,Y&Co. is dead or alive(A)
12.4,カゴノトリ～弐式～(A)
12.4,グッバイ宣言(L)
12.4,それは花火のような恋(A)
12.4,バッド・スイーツ、バッド・ドリーム(A)
12.4,"ワルツ第17番 ト短調""大犬のワルツ""(A)"
12.4,華蝶風雪(L)
12.4,黒髪乱れし修羅となりて(A)
12.4,灼熱Beach Side Bunny(A)
12.4,終焔のClaudia(A)
12.4,即席！脳直★ミュージックシステム(A)
12.4,天邪鬼(A)
12.4,電人、暁に斃れる。(A)
12.4,童話回廊(A)
12.4,廿(L)
12.4,表裏一体!?怪盗いいんちょの悩み?(A)
12.4,恋する☆宇宙戦争っ!!(A)
12.4,恋歌疾風！かるたクイーンいろは(A)
12.4,ΕΛΠΙΣ(A)
12.5,#CMFLG(A)
12.5,255(A)
12.5,Angel's Ladder(A)
12.5,anthracene(A)
12.5,Aqvion(A)
12.5,Arabian Rave Night(L)
12.5,BIGWAVERS(A)
12.5,BITTER CHOCOLATE STRIKER(A)
12.5,BLUE DRAGON(雷龍RemixIIDX)(A)
12.5,Boomy and The Boost(A)
12.5,Broken(A)
12.5,CaptivAte～浄化～(L)
12.5,Colorful Cookie(A)
12.5,Colors(radio edit)(A)
12.5,DARK LEGACY(A)
12.5,dAuntl3ss(A)
12.5,Devil's Gear(A)
12.5,DOMINION(A)
12.5,DRUNK MONKY(A)
12.5,F(A)
12.5,FAKE TIME(A)
12.5,FEEDING FRENZY(A)
12.5,fffff(A)
12.5,FlyAway(A)
12.5,Flying Castle(A)
12.5,FUZIN RIZIN(A)
12.5,GOLDEN CROSS(A)
12.5,Idola(A)
12.5,IMPLANTATION(A)
12.5,INSOMNIA(A)
12.5,invoker(L)
12.5,Kung-fu Empire(L)
12.5,L.F.O(A)
12.5,Level One(A)
12.5,Liberation(A)
12.5,Little Little Princess(L)
12.5,LOST TECHNOLOGIE(A)
12.5,MARLIN(A)
12.5,Matt Silver(A)
12.5,MAX 360(A)
12.5,Mid-Corner (Magic Maker)(A)
12.5,NEO GENERATOR SEVEN(A)
12.5,NITROUS CANNON(A)
12.5,NNRT(A)
12.5,No Border(A)
12.5,One More Lovely(A)
12.5,OTENAMI Hurricane(A)
12.5,Ōu Legends(A)
12.5,Out of Control(A)
12.5,Papilio ulysses(A)
12.5,Pinky Happy Crazy(A)
12.5,PLASMA SOUL NIGHT feat. Nana Takahashi / 709sec.(A)
12.5,PUNISHER(A)
12.5,Purple Perplex(A)
12.5,ra'am(A)
12.5,RAGE feat.H14 of LEONAIR(A)
12.5,RAIN(A)
12.5,Rave Patroller(A)
12.5,RINИE(A)
12.5,rommmo(A)
12.5,ruin of opals(A)
12.5,SAMURAI-Scramble(L)
12.5,Say YEEEAHH(A)
12.5,Silver Bullet(A)
12.5,SOLID STATE SQUAD -RISEN RELIC REMIX-(A)
12.5,SpaceLand☆TOYBOX(A)
12.5,spiral galaxy(L)
12.5,STARLIGHT DANCEHALL(L)
12.5,STAY GOLD(A)
12.5,TECHNO Style Essentials(A)
12.5,THE DAY OF JUBILATIONS(A)
12.5,The Last Apocalypse(A)
12.5,TIEFSEE(A)
12.5,Todestrieb(A)
12.5,TOMAHAWK(A)
12.5,TRIUMPH(A)
12.5,u gotta beat(A)
12.5,Viridian(A)
12.5,Vitrum(A)
12.5,VOX UP(A)
12.5,WONDER WALKER(A)
12.5,Ypsilon(L)
12.5,ZZ(A)
12.5,フォニイ(L)
12.5,めいさいアイドル☆あいむちゃん♪(A)
12.5,リリーゼと炎龍レーヴァテイン(A)
12.5,俺ら東京さ行ぐだ(L)
12.5,夏色DIARY - L.E.D.-G STYLE MIX -(A)
12.5,海神(A)
12.5,狂イ咲ケ焔ノ華(A)
12.5,最小三倍完全数(A)
12.5,紫陽花 -AZISAI-(A)
12.5,灼熱 Pt.2 Long Train Running(A)
12.5,神っぽいな(L)
12.5,神のシナリオ(A)
12.5,刃図羅(A)
12.5,電腦都市(A)
12.5,魔法のかくれんぼ(A)
12.5,儚キ戀ノ幻想譚(A)
12.5,禊(A)
12.6,1116(A)
12.6,2 Beasts Unchained(A)
12.6,24h Endurance Race(A)
12.6,AA(A)
12.6,Adularia(A)
12.6,ALTERNATOR(A)
12.6,Arkadia(A)
12.6,BLUE MIRAGE(A)
12.6,Bring The Fire(A)
12.6,Burning Flame(L)
12.6,CaptivAte2～覚醒～(L)
12.6,Chaotoxin(A)
12.6,cinder(A)
12.6,Close the World feat.a☆ru(A)
12.6,CODE:1 [revision1.0.1](A)
12.6,Cosmic Cat(L)
12.6,COSMIC V3LOCITY(A)
12.6,destination(A)
12.6,Dr. Chemical & Killing Machine(A)
12.6,Drastic Dramatic(A)
12.6,Empire of Fury(A)
12.6,entelecheia(A)
12.6,EX-MASSIVE FIGHTER(A)
12.6,EXUSIA(A)
12.6,EYE OF THE HEAVEN(A)
12.6,Flämingo(A)
12.6,GAIA(A)
12.6,GENE(A)
12.6,Ghost Pulse(A)
12.6,GiGaGaHell(A)
12.6,Grand Chariot(A)
12.6,HARD BRAIN(A)
12.6,Here We Go Now(A)
12.6,Hollywood Galaxy(DJ NAGAI Remix)(A)
12.6,hora de verdad(A)
12.6,I(A)
12.6,Inner Spirit -GIGA HiTECH MIX-(A)
12.6,innocent revolver(A)
12.6,KILL EACH OTHER(A)
12.6,Konzert V(A)
12.6,kors k's How to make OTOGE CORE 「LONG」(A)
12.6,LASER CRUSTER (IGNITE REMIX)(A)
12.6,Lethal Weapon(A)
12.6,Lightspeed(A)
12.6,Megalara Garuda(A)
12.6,Meissa(A)
12.6,Million Dollar(A)
12.6,Monopole.(A)
12.6,neu(A)
12.6,New Castle Legions(A)
12.6,NEW GENERATION-もう、お前しか見えない-(L)
12.6,Nightmare before oversleep(A)
12.6,PARADISE LOST(A)
12.6,PARANOiA ～HADES～(A)
12.6,Plan 8(A)
12.6,quaver♪(A)
12.6,Reflux(A)
12.6,Roar of Chronos(A)
12.6,Scripted Connection⇒ A mix(L)
12.6,Skratch Education Lv-1(A)
12.6,Slipstream(A)
12.6,SOLAR ECLIPSE(A)
12.6,Sounds Of Summer(A)
12.6,THANK YOU FOR PLAYING(L)
12.6,THE PEERLESS UNDER HEAVEN(A)
12.6,The Rebellion of Sequencer(A)
12.6,thunder HOUSE NATION Remix(L)
12.6,TOGAKUSHI(A)
12.6,Trill auf G(A)
12.6,Triple Cross(A)
12.6,True Blue(A)
12.6,Twelfth Style(L)
12.6,Valanga(A)
12.6,voltississimo(A)
12.6,Welcome(L)
12.6,Xlø(A)
12.6,アストライアの双皿(A)
12.6,イザナミノナゲキ(A)
12.6,キヤロラ衛星の軌跡(A)
12.6,セピアの軌跡 ft. 天宮みや(少女フラクタル)(L)
12.6,たまゆら(A)
12.6,ドゥサンコオデッセイ!!(A)
12.6,トリカゴノ鳳凰(A)
12.6,"ピアノ協奏曲第１番""蠍火""(A)"
12.6,華爛漫-Flowers-(L)
12.6,轟け！恋のビーンボール！！(A)
12.6,今宵、ロマンス横丁。(A)
12.6,疾風迅雷(A)
12.6,新宝島(L)
12.6,水鏡の異界(A)
12.6,不沈艦CANDY(A)
12.6,未完成ノ蒸氣驅動乙女(A)
12.6,魅惑のYUMMYスイーツ(A)
12.6,恋愛=精度×認識力(A)
12.7,[ ]DENTITY(A)
12.7,†渚の小悪魔ラヴリィ～レイディオ†(IIDX EDIT)(A)
12.7,AA -rebuild-(A)
12.7,Aftermath(A)
12.7,BEAT PRISONER(A)
12.7,ChaserXX(L)
12.7,Dances with Snow Fairies(A)
12.7,DropZ-Line-(A)
12.7,DUAL STRIKER(A)
12.7,EBONY & IVORY(A)
12.7,fallen leaves -IIDX edition-(A)
12.7,Flashes(A)
12.7,G59(A)
12.7,Glitch N Ride(A)
12.7,GO OVER WITH GLARE -ROOTAGE 26-(A)
12.7,Godspeed(A)
12.7,GRAVITON(A)
12.7,GUILTY(L)
12.7,Illusionary Waterlily(A)
12.7,Last Dance(A)
12.7,LOCUS OF THE TRAVEL(A)
12.7,LOUDER ROLLING THUNDER(A)
12.7,Ludus In Tenebris(A)
12.7,Mächö Mönky(A)
12.7,O/D*20(L)
12.7,Proof of the existence(A)
12.7,Quakes(A)
12.7,QUANTUM TELEPORTATION(L)
12.7,refrain(A)
12.7,Remain(A)
12.7,Session 9-Chronicles-(A)
12.7,suspicions(A)
12.7,SYNC-ANTHEM(A)
12.7,T-REX vs Velociraptor (In the Far east euphoria)(A)
12.7,THE BRAVE MUST DIE(A)
12.7,Time to Air(L)
12.7,Timepiece phase II(A)
12.7,TOXIC VIBRATION(A)
12.7,TSAR BOMBA(A)
12.7,Umbral(L)
12.7,Vinculum stellarum(A)
12.7,WHA(A)
12.7,Without Heaven(A)
12.7,Xb10r(A)
12.7,yellow head joe(L)
12.7,ZEPHYRANTHES(L)
12.7,アラビアン ハイパー ナイト(A)
12.7,キャトられ?恋はモ～モク(A)
12.7,ジオメトリック∮ティーパーティー(A)
12.7,シュレーディンガーの猫(A)
12.7,ぞうしょく！？マイデンティティ(A)
12.7,華麗なる大犬円舞曲(A)
12.7,海神(L)
12.7,金野火織の金色提言(A)
12.7,深淵に捧ぐレクイエム(A)
12.7,旋律のドグマ～Miserables～(A)
12.7,表裏一体!?怪盗いいんちょの悩み?(L)
12.7,抱きしめてモナムール(A)
12.7,龍と少女とデコヒーレンス(L)
12.7,龍王の霊廟(Mausoleum Of The Primal Dragon)(L)
12.7,ΕΛΠΙΣ(L)
12.8,A MINSTREL ～ ver.short-scape ～(L)
12.8,ABSOLUTE EVIL(A)
12.8,AIR RAID FROM THA UNDAGROUND(L)
12.8,ANCHOR(A)
12.8,Artist(A)
12.8,Bad Maniacs(A)
12.8,BLACK or WHITE?(A)
12.8,Blue Spring Express(A)
12.8,Bow shock!!(L)
12.8,BroGamer(L)
12.8,Broken Sword(A)
12.8,COSMIC RAY(A)
12.8,Cross Fire(A)
12.8,DAY DREAM(A)
12.8,Demon March(A)
12.8,Despair of ELFERIA(A)
12.8,Devilz Staircase(A)
12.8,DORNWALD ～Junge～(A)
12.8,Elektrick U-Phoria(L)
12.8,God Mind(A)
12.8,HAERETICUS(A)
12.8,Hollywood Galaxy(A)
12.8,JOMANDA(A)
12.8,"Life Is A Game ft.DD""ナカタ""Metal(A)"
12.8,MENDES(A)
12.8,NOIXIA(A)
12.8,ORCA(A)
12.8,Painful Fate(A)
12.8,Resonant(A)
12.8,reunion(A)
12.8,Saturn(L)
12.8,Secrets(L)
12.8,Shooting Fireball(A)
12.8,Sky High(A)
12.8,Smashing Wedge(A)
12.8,Snakey Kung-fu(A)
12.8,SOLID WYVERN(L)
12.8,Spirit of the Beast(A)
12.8,StrayedCatz(A)
12.8,STULTI(A)
12.8,The Clown of 24stairs(A)
12.8,The Limbo(A)
12.8,Triple Counter(A)
12.8,Uaigh Gealaí(A)
12.8,Ubertreffen(L)
12.8,uən(A)
12.8,Vermilion Carol(A)
12.8,Visterhv(A)
12.8,VØID(A)
12.8,VOLAQUAS(A)
12.8,waxing and wanding(L)
12.8,X(A)
12.8,Xerulean(A)
12.8,YAKSHA(A)
12.8,Zirkfied(A)
12.8,カジノファイヤーことみちゃん(L)
12.8,シムルグの目醒め(A)
12.8,"ピアノ協奏曲第１番""蠍火"" (BlackY Remix)(A)"
12.8,ミラージュ･レジデンス(L)
12.8,逆月(A)
12.8,子供の落書き帳(A)
12.8,紫陽花 -AZISAI-(L)
12.8,少年は空を辿る(A)
12.8,神謳 -RESONANCE-(A)
12.8,聖人の塔(A)
12.8,津軽雪(A)
12.8,東京神話(A)
12.8,伐折羅-vajra-(A)
12.8,摩天楼(A)
12.9,-65℃(A)
12.9,#The_Relentless(L)
12.9,∀(A)
12.9,ALBA-黎明-(L)
12.9,Ambivalent Vermilia(A)
12.9,Ancient Scapes(L)
12.9,"Anisakis-somatic mutation type ""Forza""-(L)"
12.9,B4U(BEMANI FOR YOU MIX)(L)
12.9,Bad Encryption(A)
12.9,Binary Black Hole(A)
12.9,Blue Rain(L)
12.9,CADENZA(A)
12.9,CHRONO DIVER -NORNIR-(L)
12.9,Close the World feat.a☆ru(L)
12.9,Confiserie(A)
12.9,CONTRACT(L)
12.9,Dans la nuit de l'eternite(A)
12.9,DEATH†ZIGOQ～怒りの高速爆走野郎～(A)
12.9,Do it!! Do it!!(L)
12.9,Ganymede(L)
12.9,GuNGNiR(A)
12.9,hard-wired(A)
12.9,HYENA(L)
12.9,Ignis†Iræ(A)
12.9,INAZUMA(L)
12.9,Initiation(A)
12.9,IX(A)
12.9,KAISER PHOENIX(A)
12.9,MEGAERA(A)
12.9,n/a(A)
12.9,Override(L)
12.9,quell～the seventh slave～(A)
12.9,REVOLVER(L)
12.9,Satellite Burst(A)
12.9,SEITEN NO TERIYAKI(L)
12.9,Sigmund(A)
12.9,SOLID STATE SQUAD(L)
12.9,SμG@R RU$#(A)
12.9,TECHNOPHOBIA(A)
12.9,THE F∀UST(A)
12.9,Tiempo Loco(A)
12.9,TITANS RETURN(L)
12.9,TRANOID(L)
12.9,Unbelief(A)
12.9,VANESSA(L)
12.9,Verflucht(A)
12.9,Vulnerability(A)
12.9,お菓子の王国(A)
12.9,がっつり陰キャ!?怪盗いいんちょの億劫^^;(A)
12.9,スキッテイエェエエェ!!!!(A)
12.9,ちょえちょえまぎか(L)
12.9,ディスコルディア(A)
12.9,"ピアノ独奏無言歌 ""灰燼""(A)"
12.9,ユミル(L)
12.9,駅猫のワルツ(A)
12.9,焔極OVERKILL(A)
12.9,音楽(A)
12.9,仮想空間の旅人たち(L)
12.9,君のハートにロックオン(L)
12.9,世界の果てに約束の凱歌を -ReUnion-(A)
12.9,千年ノ理(L)
12.9,嘆きの樹(A)
12.9,天空の夜明け(A)
12.9,二人ノ廃城幽踊宴(A)
12.9,恋する☆宇宙戦争っ!!(L)
12.9,煉獄のエルフェリア(A)
12.9,烽火連天の刃(A)
12.9,閠槞彁の願い(A)
13,3y3s (Long ver.)(A)
13,3y3s(A)
13,Almagest(A)
13,Beyond Evolution(A)
13,Carmina(A)
13,Chrono Diver -PENDULUMs-(A)
13,concon(L)
13,Dances with Snow Fairies(L)
13,DEATH†ZIGOQ～怒りの高速爆走野郎～(L)
13,DIAMOND CROSSING(A)
13,DIAVOLO(A)
13,EBONY & IVORY(L)
13,ECHIDNA(A)
13,Elemental Creation(A)
13,EMERALDAS(A)
13,EROICA(A)
13,Everlasting Message(A)
13,Feel The Beat(L)
13,four pieces of heaven(L)
13,Go Ahead!!(A)
13,Go Beyond!!(A)
13,GuNGNiR(L)
13,ICARUS(L)
13,Illegal Function Call(L)
13,KAISER PHOENIX(L)
13,KAMAITACHI(L)
13,LIGHTNING STRIKES(L)
13,Lost Souls(L)
13,Mare Nectaris(A)
13,NZM(A)
13,onslaught(A)
13,perditus†paradisus(A)
13,Phoenix(L)
13,Rave*it!! Rave*it!!(A)
13,Sigmund(L)
13,Sinus Iridum(A)
13,Somnidiscotheque(A)
13,STEEL NEEDLE(L)
13,THE CANNONBALLER(L)
13,The Limbo(L)
13,Thor's Hammer(A)
13,Timepiece phase II(CN Ver.)(A)
13,Verflucht(L)
13,Violet Pulse(L)
13,XHRONOXAPSULΞ(A)
13,お米の美味しい炊き方、そしてお米を食べることによるその効果。(L)
13,栄冠のカンパネラ(A)
13,共鳴遊戯の華(A)
13,疾風迅雷(L)
13,蛇神(L)
13,聖人の塔(L)
13,超青少年ノ為ノ超多幸ナ超古典的超舞曲(L)
13,天使のカンタータ -Cantata of Angels-(A)
13,東京神話(L)
13,卑弥呼(A)
13,冥(A)
13,惑星鉄道(A)
13,烽火連天の刃(L)
13,Χ-DEN(A)